{
    "layoutContainers": [
        {
            "name": "content",
            "elements": [
                {
                    "x": 0,
                    "y": 0,
                    "width": 6,
                    "height": 1,
                    "name": "title",
                    "title": "Title"
                },
                {
                    "x": 6,
                    "y": 0,
                    "width": 6,
                    "height": 1,
                    "name": "subtitle",
                    "title": "SubTitle"
                },
                {
                    "x": 0,
                    "y": 1,
                    "width": 12,
                    "height": 1,
                    "name": "url",
                    "title": "URL"
                },
                {
                    "x": 0,
                    "y": 2,
                    "width": 6,
                    "height": 1,
                    "name": "ISBN10",
                    "title": "ISBN 10"
                },
                {
                    "x": 6,
                    "y": 2,
                    "width": 6,
                    "height": 1,
                    "name": "ISBN13",
                    "title": "ISBN 13"
                },
                {
                    "x": 0,
                    "y": 3,
                    "width": 6,
                    "height": 1,
                    "name": "series",
                    "title": "Series"
                },
                {
                    "x": 6,
                    "y": 3,
                    "width": 6,
                    "height": 1,
                    "name": "publisher",
                    "title": "Publisher"
                },
                {
                    "x": 0,
                    "y": 4,
                    "width": 12,
                    "height": 1,
                    "name": "author",
                    "title": "Authors"
                },
                {
                    "x": 0,
                    "y": 5,
                    "width": 12,
                    "height": 1,
                    "name": "genre",
                    "title": "Genres"
                },
                {
                    "x": 0,
                    "y": 6,
                    "width": 12,
                    "height": 1,
                    "name": "tag",
                    "title": "Tags"
                },
                {
                    "x": 0,
                    "y": 7,
                    "width": 6,
                    "height": 1,
                    "name": "edition",
                    "title": "Edition"
                },
                {
                    "x": 6,
                    "y": 7,
                    "width": 3,
                    "height": 1,
                    "name": "publishingYear",
                    "title": "Published Year"
                },
                {
                    "x": 9,
                    "y": 7,
                    "width": 3,
                    "height": 1,
                    "name": "pages",
                    "title": "Pages"
                },
                {
                    "x": 0,
                    "y": 8,
                    "width": 3,
                    "height": 1,
                    "name": "type",
                    "title": "Type"
                },
                {
                    "x": 3,
                    "y": 8,
                    "width": 3,
                    "height": 1,
                    "name": "physicalForm",
                    "title": "Physical Form"
                },
                {
                    "x": 6,
                    "y": 8,
                    "width": 3,
                    "height": 1,
                    "name": "size",
                    "title": "Size"
                },
                {
                    "x": 9,
                    "y": 8,
                    "width": 3,
                    "height": 1,
                    "name": "binding",
                    "title": "Binding"
                },
                {
                    "x": 0,
                    "y": 9,
                    "width": 12,
                    "height": 1,
                    "name": "store",
                    "title": "Store"
                },
                {
                    "x": 0,
                    "y": 10,
                    "width": 12,
                    "height": 1,
                    "name": "location",
                    "title": "Location"
                },
                {
                    "x": 0,
                    "y": 11,
                    "width": 6,
                    "height": 1,
                    "name": "price",
                    "title": "Price"
                },
                {
                    "x": 6,
                    "y": 11,
                    "width": 6,
                    "height": 1,
                    "name": "language",
                    "title": "Language"
                },
                {
                    "x": 0,
                    "y": 12,
                    "width": 12,
                    "height": 1,
                    "name": "description",
                    "title": "Description"
                },
                {
                    "x": 0,
                    "y": 13,
                    "width": 12,
                    "height": 1,
                    "name": "notes",
                    "title": "Notes"
                }
            ]
        },
        {
            "name": "sidebar",
            "elements": [
                {
                    "x": 0,
                    "y": 0,
                    "width": 4,
                    "height": 1,
                    "name": "cover",
                    "title": "Cover"
                },
                {
                    "x": 0,
                    "y": 1,
                    "width": 4,
                    "height": 1,
                    "name": "eBook",
                    "title": "eBook"
                }
            ]
        }
    ]
}