{
    "generateSiteMap": {
        "group": "optionGroupSitemap",
        "name": "generateSiteMap",
        "description": "Tekan untuk membuat peta situs",
        "title": "Hasilkan Peta Situs",
        "control": "button",
        "listValues": null,
        "value": "\/sitemap\/generate",
        "defaultValue": "\/sitemap\/generate"
    },
    "adminEmail": {
        "group": "optionGroupGeneral",
        "name": "adminEmail",
        "description": "Ketik email administrator di sini",
        "title": "Email Administrator",
        "control": "input",
        "listValues": null,
        "value": "toriko.haseghawa@gmail.com",
        "defaultValue": "admin@library-cms.com"
    },
    "defaultLanguage": {
        "group": "optionGroupGeneral",
        "name": "defaultLanguage",
        "description": "Pilih bahasa default",
        "title": "Bahasa default",
        "control": "select",
        "listValues": {
            "ru_RU": "Russian",
            "in_ID": "Indonesian"
        },
        "value": "in_ID",
        "defaultValue": "en_US"
    },
    "noImageFilePath": {
        "group": "optionGroupImages",
        "name": "noImageFilePath",
        "description": "Gambar ini akan ditampilkan jika gambar tidak ditentukan",
        "title": "Tidak ada gambar",
        "control": "file",
        "listValues": null,
        "value": "\/resources\/images\/comingsoon.png",
        "defaultValue": "\/resources\/images\/comingsoon.png"
    },
    "noBookImageFilePath": {
        "group": "optionGroupImages",
        "name": "noBookImageFilePath",
        "description": "Gambar ini akan ditampilkan jika gambar buku tidak ditentukan",
        "title": "Tidak Ada Buku",
        "control": "file",
        "listValues": null,
        "value": "\/resources\/images\/comingsoon.png",
        "defaultValue": "\/resources\/images\/comingsoon.png"
    },
    "noUserImageFilePath": {
        "group": "optionGroupImages",
        "name": "noUserImageFilePath",
        "description": "Gambar ini akan ditampilkan jika foto pengguna tidak ditentukan",
        "title": "Tidak Ada Pengguna",
        "control": "file",
        "listValues": null,
        "value": "\/resources\/images\/noavatar.png",
        "defaultValue": "\/resources\/images\/noavatar.png"
    },
    "logoFilePath": {
        "group": "optionGroupImages",
        "name": "logoFilePath",
        "description": "Gambar ini akan ditampilkan sebagai gambar logo situs",
        "title": "Logo",
        "control": "file",
        "listValues": null,
        "value": "\/resources\/images\/logo.png",
        "defaultValue": "\/resources\/images\/logo.png"
    },
    "favIconFilePath": {
        "group": "optionGroupImages",
        "name": "favIconFilePath",
        "description": "Gambar ini akan ditampilkan sebagai favicon situs",
        "title": "FavIcon",
        "control": "file",
        "listValues": null,
        "value": "\/resources\/images\/favicon.png",
        "defaultValue": "\/resources\/images\/favicon.png"
    },
    "blogURL": {
        "group": "optionGroupGeneral",
        "name": "blogURL",
        "description": "Lokasi blog dengan garis miring di depan",
        "title": "URL Blog",
        "control": "input",
        "listValues": null,
        "value": "\/blog",
        "defaultValue": "\/blog"
    },
    "adminURL": {
        "group": "optionGroupGeneral",
        "name": "adminURL",
        "description": "Lokasi bagian admin situs dengan garis miring di depan",
        "title": "URL Admin",
        "control": "input",
        "listValues": null,
        "value": "\/admin",
        "defaultValue": "\/admin"
    },
    "siteName": {
        "group": "optionGroupGeneral",
        "name": "siteName",
        "description": "Ketik nama situs di sini",
        "title": "Nama situs",
        "control": "input",
        "listValues": null,
        "value": "Gama Library",
        "defaultValue": "Gama Library"
    },
    "footerCredits": {
        "group": "optionGroupGeneral",
        "name": "footerCredits",
        "description": "Ketik kredit footer di sini",
        "title": "Kredit Footer",
        "control": "input",
        "listValues": null,
        "value": "\u00a9 2020 Dummy Donkey.",
        "defaultValue": "&copy; 2020 Gama Library."
    },
    "imagesPerPage": {
        "group": "optionGroupGeneral",
        "name": "imagesPerPage",
        "description": "Jumlah gambar per halaman",
        "title": "Gambar Per Halaman",
        "control": "select",
        "listValues": {
            "6": "6",
            "12": "12",
            "18": "18",
            "24": "24",
            "30": "30"
        },
        "value": "12",
        "defaultValue": 12
    },
    "usersPerPage": {
        "group": "optionGroupGeneral",
        "name": "usersPerPage",
        "description": "Jumlah pengguna per halaman",
        "title": "Pengguna Per Halaman",
        "control": "select",
        "listValues": {
            "10": "10",
            "20": "20",
            "30": "30",
            "40": "40",
            "50": "50"
        },
        "value": "20",
        "defaultValue": 20
    },
    "userMessagesPerPage": {
        "group": "optionGroupGeneral",
        "name": "userMessagesPerPage",
        "description": "Jumlah pesan pengguna per halaman",
        "title": "Pesan Pengguna Per Halaman",
        "control": "select",
        "listValues": {
            "10": "10",
            "20": "20",
            "30": "30",
            "40": "40",
            "50": "50"
        },
        "value": "20",
        "defaultValue": 20
    },
    "menusPerPage": {
        "group": "optionGroupGeneral",
        "name": "menusPerPage",
        "description": "Jumlah menu per halaman",
        "title": "Menu Per Halaman",
        "control": "select",
        "listValues": {
            "10": "10",
            "20": "20",
            "30": "30",
            "40": "40",
            "50": "50"
        },
        "value": "20",
        "defaultValue": 20
    },
    "bookViewType": {
        "group": "optionGroupBooks",
        "name": "bookViewType",
        "description": "Pilih jenis tampilan buku",
        "title": "Jenis Tampilan Buku [Umum]",
        "control": "select",
        "listValues": {
            "grid": "Kotak",
            "list": "Daftar",
            "miniList": "Daftar Mini"
        },
        "value": "grid",
        "defaultValue": "grid"
    },
    "booksPerPageAdmin": {
        "group": "optionGroupBooks",
        "name": "booksPerPageAdmin",
        "description": "Jumlah buku per halaman di bagian admin",
        "title": "Buku Per Halaman [Admin]",
        "control": "select",
        "listValues": {
            "10": "10",
            "20": "20",
            "30": "30",
            "40": "40",
            "50": "50"
        },
        "value": "20",
        "defaultValue": 20
    },
    "booksPerPagePublic": {
        "group": "optionGroupBooks",
        "name": "booksPerPagePublic",
        "description": "Jumlah buku per halaman di halaman publik",
        "title": "Buku Per Halaman [Umum]",
        "control": "select",
        "listValues": {
            "6": "6",
            "12": "12",
            "24": "24",
            "36": "36",
            "48": "48"
        },
        "value": "24",
        "defaultValue": 24
    },
    "booksPerPagePublicFilter": {
        "group": "optionGroupBooks",
        "name": "booksPerPagePublicFilter",
        "description": "Jumlah buku yang difilter per halaman pada halaman publik",
        "title": "Buku Per Halaman Dengan Filter [Publik]",
        "control": "select",
        "listValues": {
            "8": "8",
            "16": "16",
            "24": "24",
            "32": "32",
            "48": "48"
        },
        "value": "24",
        "defaultValue": 24
    },
    "booksPerPageIndex": {
        "group": "optionGroupBooks",
        "name": "booksPerPageIndex",
        "description": "Jumlah buku yang terakhir dibuat pada halaman utama (indeks)",
        "title": "Nomor Buku Terakhir [Indeks]",
        "control": "select",
        "listValues": {
            "6": "6",
            "12": "12",
            "24": "24",
            "36": "36",
            "48": "48"
        },
        "value": "24",
        "defaultValue": 24
    },
    "rssBooksNumber": {
        "group": "optionGroupBooks",
        "name": "rssBooksNumber",
        "description": "Jumlah buku yang terakhir dibuat untuk RSS",
        "title": "Nomor Buku RSS",
        "control": "select",
        "listValues": {
            "5": "5",
            "10": "10",
            "15": "15",
            "20": "20",
            "25": "25"
        },
        "value": "10",
        "defaultValue": 10
    },
    "topRatedBooksNumberIndex": {
        "group": "optionGroupBooks",
        "name": "topRatedBooksNumberIndex",
        "description": "Jumlah buku berperingkat teratas pada halaman (indeks) utama",
        "title": "Nomor Buku Teratas [Indeks]",
        "control": "select",
        "listValues": {
            "3": "3",
            "6": "6",
            "9": "9",
            "12": "12",
            "15": "15"
        },
        "value": "6",
        "defaultValue": 6
    },
    "authorPerPageIndex": {
        "group": "optionGroupBooks",
        "name": "authorPerPageIndex",
        "description": "Jumlah penulis pada halaman utama (indeks)",
        "title": "Penulis Per Halaman [Indeks]",
        "control": "select",
        "listValues": {
            "6": "6",
            "9": "9",
            "12": "12",
            "15": "15",
            "18": "18"
        },
        "value": "6",
        "defaultValue": 6
    },
    "postPerPageIndex": {
        "group": "optionGroupBooks",
        "name": "postPerPageIndex",
        "description": "Jumlah posting pada halaman utama (indeks)",
        "title": "Postingan Per Halaman [Indeks]",
        "control": "select",
        "listValues": {
            "6": "6",
            "12": "12",
            "24": "24",
            "36": "36",
            "48": "48"
        },
        "value": "24",
        "defaultValue": 24
    },
    "reviewsPerPage": {
        "group": "optionGroupBooks",
        "name": "reviewsPerPage",
        "description": "Jumlah review per halaman di bagian admin",
        "title": "Ulasan Per Halaman",
        "control": "select",
        "listValues": {
            "10": "10",
            "20": "20",
            "30": "30",
            "40": "40",
            "50": "50"
        },
        "value": "20",
        "defaultValue": 20
    },
    "reviewsPerPagePublic": {
        "group": "optionGroupBooks",
        "name": "reviewsPerPagePublic",
        "description": "Jumlah ulasan per halaman di halaman publik",
        "title": "Tinjauan Per Halaman [Publik]",
        "control": "select",
        "listValues": {
            "10": "10",
            "20": "20",
            "30": "30",
            "40": "40",
            "50": "50"
        },
        "value": "20",
        "defaultValue": 20
    },
    "issuesPerPage": {
        "group": "optionGroupBooks",
        "name": "issuesPerPage",
        "description": "Jumlah masalah per halaman di bagian admin",
        "title": "Masalah Per Halaman",
        "control": "select",
        "listValues": {
            "10": "10",
            "20": "20",
            "30": "30",
            "40": "40",
            "50": "50"
        },
        "value": "20",
        "defaultValue": 20
    },
    "issueLogsPerPage": {
        "group": "optionGroupBooks",
        "name": "issueLogsPerPage",
        "description": "Jumlah log masalah per halaman di bagian admin",
        "title": "Masalah Log Per Halaman",
        "control": "select",
        "listValues": {
            "10": "10",
            "20": "20",
            "30": "30",
            "40": "40",
            "50": "50"
        },
        "value": "20",
        "defaultValue": 20
    },
    "requestsPerPage": {
        "group": "optionGroupBooks",
        "name": "requestsPerPage",
        "description": "Jumlah permintaan per halaman di bagian admin",
        "title": "Permintaan Per Halaman",
        "control": "select",
        "listValues": {
            "10": "10",
            "20": "20",
            "30": "30",
            "40": "40",
            "50": "50"
        },
        "value": "20",
        "defaultValue": 20
    },
    "authorsPerPage": {
        "group": "optionGroupGeneral",
        "name": "authorsPerPage",
        "description": "Jumlah penulis per halaman di bagian admin",
        "title": "Penulis Per Halaman [Admin]",
        "control": "select",
        "listValues": {
            "10": "10",
            "20": "20",
            "30": "30",
            "40": "40",
            "50": "50"
        },
        "value": "20",
        "defaultValue": 20
    },
    "authorsPerPagePublic": {
        "group": "optionGroupGeneral",
        "name": "authorsPerPagePublic",
        "description": "Jumlah penulis per halaman di halaman publik",
        "title": "Penulis Per Halaman [Publik]",
        "control": "select",
        "listValues": {
            "6": "6",
            "12": "12",
            "24": "24",
            "36": "36",
            "48": "48"
        },
        "value": "24",
        "defaultValue": 24
    },
    "postsPerPage": {
        "group": "optionGroupGeneral",
        "name": "postsPerPage",
        "description": "Jumlah posting per halaman di bagian admin",
        "title": "Postingan Per Halaman [Admin]",
        "control": "select",
        "listValues": {
            "10": "10",
            "20": "20",
            "30": "30",
            "40": "40",
            "50": "50"
        },
        "value": "20",
        "defaultValue": 20
    },
    "pagesPerPage": {
        "group": "optionGroupGeneral",
        "name": "pagesPerPage",
        "description": "Jumlah halaman per halaman di bagian admin",
        "title": "Halaman Per Halaman [Admin]",
        "control": "select",
        "listValues": {
            "10": "10",
            "20": "20",
            "30": "30",
            "40": "40",
            "50": "50"
        },
        "value": "20",
        "defaultValue": 20
    },
    "postsPerPagePublic": {
        "group": "optionGroupGeneral",
        "name": "postsPerPagePublic",
        "description": "Jumlah posting per halaman di halaman publik",
        "title": "Postingan Per Halaman [Publik]",
        "control": "select",
        "listValues": {
            "10": "10",
            "20": "20",
            "30": "30",
            "40": "40",
            "50": "50"
        },
        "value": "20",
        "defaultValue": 10
    },
    "publishersPerPage": {
        "group": "optionGroupGeneral",
        "name": "publishersPerPage",
        "description": "Jumlah penerbit per halaman di bagian admin",
        "title": "Penerbit Per Halaman",
        "control": "select",
        "listValues": {
            "10": "10",
            "20": "20",
            "30": "30",
            "40": "40",
            "50": "50"
        },
        "value": "20",
        "defaultValue": 20
    },
    "seriesPerPage": {
        "group": "optionGroupGeneral",
        "name": "seriesPerPage",
        "description": "Jumlah seri per halaman di bagian admin",
        "title": "Seri Per Halaman",
        "control": "select",
        "listValues": {
            "10": "10",
            "20": "20",
            "30": "30",
            "40": "40",
            "50": "50"
        },
        "value": "20",
        "defaultValue": 20
    },
    "genresPerPage": {
        "group": "optionGroupGeneral",
        "name": "genresPerPage",
        "description": "Jumlah genre per halaman di bagian admin",
        "title": "Genre Per Halaman",
        "control": "select",
        "listValues": {
            "10": "10",
            "20": "20",
            "30": "30",
            "40": "40",
            "50": "50"
        },
        "value": "20",
        "defaultValue": 20
    },
    "tagsPerPage": {
        "group": "optionGroupGeneral",
        "name": "tagsPerPage",
        "description": "Jumlah tag per halaman di bagian admin",
        "title": "Tag Per Halaman",
        "control": "select",
        "listValues": {
            "10": "10",
            "20": "20",
            "30": "30",
            "40": "40",
            "50": "50"
        },
        "value": "20",
        "defaultValue": 20
    },
    "storesPerPage": {
        "group": "optionGroupGeneral",
        "name": "storesPerPage",
        "description": "Jumlah toko per halaman di bagian admin",
        "title": "Toko Per Halaman",
        "control": "select",
        "listValues": {
            "10": "10",
            "20": "20",
            "30": "30",
            "40": "40",
            "50": "50"
        },
        "value": "20",
        "defaultValue": 20
    },
    "locationsPerPage": {
        "group": "optionGroupGeneral",
        "name": "locationsPerPage",
        "description": "Jumlah lokasi per halaman di bagian admin",
        "title": "Lokasi Per Halaman",
        "control": "select",
        "listValues": {
            "10": "10",
            "20": "20",
            "30": "30",
            "40": "40",
            "50": "50"
        },
        "value": "20",
        "defaultValue": 20
    },
    "bookFieldsPerPage": {
        "group": "optionGroupGeneral",
        "name": "bookFieldsPerPage",
        "description": "Jumlah bidang buku kustom per halaman di bagian admin",
        "title": "Kolom Buku Kustom Per Halaman",
        "control": "select",
        "listValues": {
            "10": "10",
            "20": "20",
            "30": "30",
            "40": "40",
            "50": "50"
        },
        "value": "20",
        "defaultValue": 20
    },
    "maxSearchResultNumber": {
        "group": "optionGroupGeneral",
        "name": "maxSearchResultNumber",
        "description": "Jumlah item maksimal dalam respons pencarian",
        "title": "Jumlah Hasil Pencarian Maks",
        "control": "input",
        "listValues": null,
        "value": "10",
        "defaultValue": 10
    },
    "dateFormat": {
        "group": "optionGroupDateTimeFormats",
        "name": "dateFormat",
        "description": "Format tanggal",
        "title": "Format tanggal",
        "control": "input",
        "listValues": null,
        "value": "d M Y",
        "defaultValue": "M d, Y"
    },
    "publishingDateFormat": {
        "group": "optionGroupDateTimeFormats",
        "name": "publishingDateFormat",
        "description": "Format tanggal penerbitan",
        "title": "Format Tanggal Penerbitan",
        "control": "input",
        "listValues": null,
        "value": "M\/Y",
        "defaultValue": "M\/Y"
    },
    "publishingDateFormatJS": {
        "group": "optionGroupDateTimeFormats",
        "name": "publishingDateFormatJS",
        "description": "Format tanggal penerbitan untuk JS",
        "title": "Format Tanggal Penerbitan [JavaScript]",
        "control": "input",
        "listValues": null,
        "value": "mm\/yyyy",
        "defaultValue": "mm\/yyyy"
    },
    "dateTimeFormat": {
        "group": "optionGroupDateTimeFormats",
        "name": "dateTimeFormat",
        "description": "Format Tanggal \/ Waktu",
        "title": "Format Tanggal \/ Waktu",
        "control": "input",
        "listValues": null,
        "value": "d M Y, H:i:s",
        "defaultValue": "M d, Y H:i:s"
    },
    "inputDateFormat": {
        "group": "optionGroupDateTimeFormats",
        "name": "inputDateFormat",
        "description": "Format tanggal masukan",
        "title": "Format Tanggal Input",
        "control": "input",
        "listValues": null,
        "value": "d\/m\/Y",
        "defaultValue": "m\/d\/Y"
    },
    "inputDateFormatJS": {
        "group": "optionGroupDateTimeFormats",
        "name": "inputDateFormatJS",
        "description": "Format tanggal masukan untuk JS",
        "title": "Format Tanggal Masukan [JavaScript]",
        "control": "input",
        "listValues": null,
        "value": "dd\/mm\/yyyy",
        "defaultValue": "mm\/dd\/yyyy"
    },
    "inputDateTimeFormat": {
        "group": "optionGroupDateTimeFormats",
        "name": "inputDateTimeFormat",
        "description": "Masukkan format tanggal \/ waktu",
        "title": "Masukkan Format Tanggal \/ Waktu",
        "control": "input",
        "listValues": null,
        "value": "d\/m\/Y H:i:s",
        "defaultValue": "m\/d\/Y H:i:s"
    },
    "inputDateTimeFormatJS": {
        "group": "optionGroupDateTimeFormats",
        "name": "inputDateTimeFormatJS",
        "description": "Masukkan format tanggal \/ waktu untuk JS",
        "title": "Memasukkan Format Tanggal \/ Waktu [JavaScript]",
        "control": "input",
        "listValues": null,
        "value": "DD\/MM\/YYYY HH:mm:ss",
        "defaultValue": "MM\/DD\/YYYY HH:mm:ss"
    },
    "adminColorSchema": {
        "group": "optionGroupGeneral",
        "name": "adminColorSchema",
        "description": "Pilih Skema Warna Admin",
        "title": "Skema Warna Admin",
        "control": "select",
        "listValues": {
            "Light": "Ringan",
            "Dark": "Gelap"
        },
        "value": "Light",
        "defaultValue": "Light"
    },
    "priceCurrency": {
        "group": "optionGroupGeneral",
        "name": "priceCurrency",
        "description": "Mata uang harga default",
        "title": "Harga Mata Uang",
        "control": "select",
        "listValues": {
            "ALL": "Albania Lek",
            "AFN": "Afghanistan Afghani",
            "ARS": "Argentina Peso",
            "AWG": "Aruba Guilder",
            "AUD": "Australia Dollar",
            "AZN": "Azerbaijan New Manat",
            "BSD": "Bahamas Dollar",
            "BBD": "Barbados Dollar",
            "BDT": "Bangladeshi taka",
            "BYR": "Belarus Ruble",
            "BZD": "Belize Dollar",
            "BMD": "Bermuda Dollar",
            "BOB": "Bolivia Boliviano",
            "BAM": "Bosnia and Herzegovina Convertible Marka",
            "BWP": "Botswana Pula",
            "BGN": "Bulgaria Lev",
            "BRL": "Brazil Real",
            "BND": "Brunei Darussalam Dollar",
            "KHR": "Cambodia Riel",
            "CAD": "Canada Dollar",
            "KYD": "Cayman Islands Dollar",
            "CLP": "Chile Peso",
            "CNY": "China Yuan Renminbi",
            "COP": "Colombia Peso",
            "CRC": "Costa Rica Colon",
            "HRK": "Croatia Kuna",
            "CUP": "Cuba Peso",
            "CZK": "Czech Republic Koruna",
            "DKK": "Denmark Krone",
            "DOP": "Dominican Republic Peso",
            "XCD": "East Caribbean Dollar",
            "EGP": "Egypt Pound",
            "SVC": "El Salvador Colon",
            "EEK": "Estonia Kroon",
            "EUR": "Euro Member Countries",
            "FKP": "Falkland Islands (Malvinas) Pound",
            "FJD": "Fiji Dollar",
            "GHC": "Ghana Cedis",
            "GIP": "Gibraltar Pound",
            "GTQ": "Guatemala Quetzal",
            "GGP": "Guernsey Pound",
            "GYD": "Guyana Dollar",
            "HNL": "Honduras Lempira",
            "HKD": "Hong Kong Dollar",
            "HUF": "Hungary Forint",
            "ISK": "Iceland Krona",
            "INR": "India Rupee",
            "IDR": "Indonesia Rupiah",
            "IRR": "Iran Rial",
            "IMP": "Isle of Man Pound",
            "ILS": "Israel Shekel",
            "JMD": "Jamaica Dollar",
            "JPY": "Japan Yen",
            "JEP": "Jersey Pound",
            "KZT": "Kazakhstan Tenge",
            "KPW": "Korea (North) Won",
            "KRW": "Korea (South) Won",
            "KGS": "Kyrgyzstan Som",
            "LAK": "Laos Kip",
            "LVL": "Latvia Lat",
            "LBP": "Lebanon Pound",
            "LRD": "Liberia Dollar",
            "LTL": "Lithuania Litas",
            "MKD": "Macedonia Denar",
            "MYR": "Malaysia Ringgit",
            "MUR": "Mauritius Rupee",
            "MXN": "Mexico Peso",
            "MNT": "Mongolia Tughrik",
            "MZN": "Mozambique Metical",
            "NAD": "Namibia Dollar",
            "NPR": "Nepal Rupee",
            "ANG": "Netherlands Antilles Guilder",
            "NZD": "New Zealand Dollar",
            "NIO": "Nicaragua Cordoba",
            "NGN": "Nigeria Naira",
            "NOK": "Norway Krone",
            "OMR": "Oman Rial",
            "PKR": "Pakistan Rupee",
            "PAB": "Panama Balboa",
            "PYG": "Paraguay Guarani",
            "PEN": "Peru Nuevo Sol",
            "PHP": "Philippines Peso",
            "PLN": "Poland Zloty",
            "QAR": "Qatar Riyal",
            "RON": "Romania New Leu",
            "RUB": "Russia Ruble",
            "SHP": "Saint Helena Pound",
            "SAR": "Saudi Arabia Riyal",
            "RSD": "Serbia Dinar",
            "SCR": "Seychelles Rupee",
            "SGD": "Singapore Dollar",
            "SBD": "Solomon Islands Dollar",
            "SOS": "Somalia Shilling",
            "ZAR": "South Africa Rand",
            "LKR": "Sri Lanka Rupee",
            "SEK": "Sweden Krona",
            "CHF": "Switzerland Franc",
            "SRD": "Suriname Dollar",
            "SYP": "Syria Pound",
            "TWD": "Taiwan New Dollar",
            "THB": "Thailand Baht",
            "TTD": "Trinidad and Tobago Dollar",
            "TRY": "Turkey Lira",
            "TRL": "Turkey Lira",
            "TMT": "Turkmenistan Manat",
            "TVD": "Tuvalu Dollar",
            "UAH": "Ukraine Hryvna",
            "GBP": "United Kingdom Pound",
            "USD": "United States Dollar",
            "UYU": "Uruguay Peso",
            "UZS": "Uzbekistan Som",
            "VEF": "Venezuela Bolivar",
            "VND": "Viet Nam Dong",
            "YER": "Yemen Rial",
            "ZWD": "Zimbabwe Dollar"
        },
        "value": "IDR",
        "defaultValue": "USD"
    },
    "mainPageAuthorListType": {
        "group": "optionGroupGeneral",
        "name": "mainPageAuthorListType",
        "description": "Pilih jenis daftar penulis di halaman beranda",
        "title": "Jenis Daftar Penulis [Halaman Utama]",
        "control": "select",
        "listValues": {
            "TopAuthors": "Peringkat Teratas",
            "RandomAuthors": "Acak"
        },
        "value": "TopAuthors",
        "defaultValue": "TopAuthors"
    },
    "mainPageBookListType": {
        "group": "optionGroupGeneral",
        "name": "mainPageBookListType",
        "description": "Pilih jenis daftar buku di halaman home",
        "title": "Jenis Daftar Buku [Halaman Utama]",
        "control": "select",
        "listValues": {
            "TopBooks": "Peringkat Teratas",
            "RandomBooks": "Acak"
        },
        "value": "TopBooks",
        "defaultValue": "TopBooks"
    },
    "showShareLinks": {
        "group": "optionGroupGeneral",
        "name": "showShareLinks",
        "description": "Centang untuk menampilkan tautan berbagi",
        "title": "Tampilkan tautan berbagi",
        "control": "checkbox",
        "listValues": null,
        "value": true,
        "defaultValue": true
    },
    "showDownloadLink": {
        "group": "optionGroupGeneral",
        "name": "showDownloadLink",
        "description": "Centang untuk menampilkan tautan unduhan eBook",
        "title": "Tampilkan link download eBook",
        "control": "checkbox",
        "listValues": null,
        "value": false,
        "defaultValue": true
    },
    "showDownloadLinkToRegisteredOnly": {
        "group": "optionGroupGeneral",
        "name": "showDownloadLinkToRegisteredOnly",
        "description": "Centang untuk menampilkan tautan unduhan eBook hanya untuk pengguna terdaftar",
        "title": "Tampilkan link download eBook hanya untuk pengguna terdaftar",
        "control": "checkbox",
        "listValues": null,
        "value": true,
        "defaultValue": false
    },
    "showReadLink": {
        "group": "optionGroupGeneral",
        "name": "showReadLink",
        "description": "Centang untuk menampilkan tautan baca eBook",
        "title": "Tampilkan link baca eBuku",
        "control": "checkbox",
        "listValues": null,
        "value": false,
        "defaultValue": true
    },
    "showReadLinkToRegisteredOnly": {
        "group": "optionGroupGeneral",
        "name": "showReadLinkToRegisteredOnly",
        "description": "Centang untuk menampilkan tautan baca eBook hanya untuk pengguna terdaftar",
        "title": "Tampilkan link baca eBuku hanya untuk pengguna terdaftar",
        "control": "checkbox",
        "listValues": null,
        "value": true,
        "defaultValue": false
    },
    "showCarousel": {
        "group": "optionGroupGeneral",
        "name": "showCarousel",
        "description": "Centang untuk menampilkan carousel buku di halaman utama (indeks)",
        "title": "Tampilkan korsel buku",
        "control": "checkbox",
        "listValues": null,
        "value": true,
        "defaultValue": true
    },
    "publicForRegisteredUsersOnly": {
        "group": "optionGroupGeneral",
        "name": "publicForRegisteredUsersOnly",
        "description": "Centang untuk menampilkan halaman publik hanya untuk pengguna terdaftar",
        "title": "Tampilkan halaman publik hanya untuk pengguna terdaftar",
        "control": "checkbox",
        "listValues": null,
        "value": false,
        "defaultValue": false
    },
    "enableRegistration": {
        "group": "optionGroupGeneral",
        "name": "enableRegistration",
        "description": "Centang untuk mengaktifkan pendaftaran pengguna",
        "title": "Aktifkan pendaftaran pengguna",
        "control": "checkbox",
        "listValues": null,
        "value": true,
        "defaultValue": true
    },
    "reviewCreator": {
        "group": "optionGroupBooks",
        "name": "reviewCreator",
        "description": "Pilih siapa yang dapat membuat resensi buku",
        "title": "Pembuat review buku",
        "control": "select",
        "listValues": {
            "Everybody": "Semua orang",
            "User": "Pengguna",
            "Nobody": "Tak seorangpun"
        },
        "value": "Everybody",
        "defaultValue": "Everybody"
    },
    "moderateReviews": {
        "group": "optionGroupBooks",
        "name": "moderateReviews",
        "description": "Aktifkan \/ nonaktifkan moderasi sebelum meninjau penerbitan",
        "title": "Review buku moderat",
        "control": "checkbox",
        "listValues": null,
        "value": true,
        "defaultValue": true
    },
    "useGetRequestBookSearch": {
        "group": "optionGroupBooks",
        "name": "useGetRequestBookSearch",
        "description": "Centang untuk menggunakan penelusuran buku melalui permintaan GET",
        "title": "Gunakan GET pencarian buku",
        "control": "checkbox",
        "listValues": null,
        "value": false,
        "defaultValue": false
    },
    "bookUrlType": {
        "group": "optionGroupBooks",
        "name": "bookUrlType",
        "description": "Centang untuk menggunakan ID buku di url seperti <b> \/book\/123 <\/b>.<br\/> Hapus centang untuk menggunakan URL buku yang tersimpan seperti <b> \/book\/lord-of-the-rings <\/b>.",
        "title": "Pilih Jenis Url Buku",
        "control": "checkbox",
        "listValues": null,
        "value": true,
        "defaultValue": true
    },
    "enableBookLogs": {
        "group": "optionGroupBooks",
        "name": "enableBookLogs",
        "description": "Centang untuk mengaktifkan permintaan buku \/ pencatatan pinjaman.",
        "title": "Aktifkan Permintaan Buku \/ Catatan Peminjaman",
        "control": "checkbox",
        "listValues": null,
        "value": true,
        "defaultValue": true
    },
    "enableBookIssue": {
        "group": "optionGroupBooks",
        "name": "enableBookIssue",
        "description": "Centang untuk mengaktifkan kemampuan menerbitkan buku.",
        "title": "Aktifkan peminjaman buku",
        "control": "checkbox",
        "listValues": null,
        "value": true,
        "defaultValue": true
    },
    "enableBookRequest": {
        "group": "optionGroupBooks",
        "name": "enableBookRequest",
        "description": "Centang untuk mengaktifkan kemampuan permintaan buku.",
        "title": "Aktifkan permintaan buku",
        "control": "checkbox",
        "listValues": null,
        "value": true,
        "defaultValue": true
    },
    "lightLogoFilePath": {
        "group": "optionGroupImages",
        "name": "lightLogoFilePath",
        "description": "Gambar ini akan ditampilkan sebagai gambar logo cahaya situs",
        "title": "Logo Ringan",
        "control": "file",
        "listValues": null,
        "value": "\/resources\/images\/logo-light.png",
        "defaultValue": "\/resources\/images\/logo-light.png"
    },
    "enableBookIssueByUser": {
        "group": "optionGroupBooks",
        "name": "enableBookIssueByUser",
        "description": "Centang untuk mengaktifkan peminjaman buku oleh pengguna mana pun.",
        "title": "Aktifkan peminjaman buku oleh pengguna (tanpa pustakawan)",
        "control": "checkbox",
        "listValues": null,
        "value": false,
        "defaultValue": false
    },
    "enableBookRSS": {
        "group": "optionGroupBooks",
        "name": "enableBookRSS",
        "description": "Centang untuk mengaktifkan RSS buku.",
        "title": "Aktifkan RSS buku",
        "control": "checkbox",
        "listValues": null,
        "value": false,
        "defaultValue": false
    }
}